name,color
AJU,#421558
BEL,#421558
BPS,#421558
BSB,#421558
BVB,#421558
CGB,#421558
CGH,#421558
CGR,#421558
CLV,#421558
CNF,#421558
CWB,#421558
FLN,#421558
FOR,#421558
GIG,#421558
GRU,#421558
GYN,#421558
IGU,#421558
IMP,#421558
IOS,#421558
JOI,#421558
JPA,#421558
LDB,#421558
MAB,#421558
MAO,#421558
MCP,#421558
MCZ,#421558
MIA,#421558
NAT,#421558
NVT,#421558
PLU,#421558
PMW,#421558
POA,#421558
PVH,#421558
RAO,#421558
RBR,#421558
REC,#421558
SDU,#421558
SJP,#421558
SLZ,#421558
SSA,#421558
STM,#421558
THE,#421558
UDI,#421558
UIO,#421558
VCP,#421558
VIX,#421558
